{
  "n_prompts": 50,
  "max_new_tokens": 100,
  "batch_size": 8,
  "results": {
    "serial": {
      "time": 133.69909381866455,
      "gen_tokens": 3711,
      "qps": 0.37397411285236354,
      "tps": 27.756358655902424
    },
    "batch": {
      "time": 27.914352893829346,
      "gen_tokens": 3688,
      "qps": 1.791193232749194,
      "tps": 132.11841284758054
    },
    "vllm": {
      "time": 2.399832010269165,
      "gen_tokens": 3342,
      "qps": 20.834791679602606,
      "tps": 1392.5974758646382
    }
  }
}